{"file_hashes":[{"block_hashes":["zcFWAWGmYfJpdiybwS6q0bGXe3D4dNGTJGgYCWItclQ="],"block_size":4096,"path":"background.html"},{"block_hashes":["Qyqqe2Cywc5WC+T/ebaK6jHy430IyPO1car0fEPGkAU=","k4ncPCo8RAlOWRd6EKsL4RdSAbV8+eRGAuvqYcxgH9A=","q4HPk8zh/x5KCQkjo9VEhT5GJVLuIVcSEm/MHEIHnss=","u0db3LeUg6RYqnLfYSX3YEf9JR0ov/XFH/bIxDUKpNQ=","L5KsxmnfH75c+oBCqXdkX3LxMWQzKe2w2ImCk6BOsRs=","0E8w2n03CmDkGEo/zkdcMAPdFz9LVr0xRNylLFaGcdA=","xpnYzV6bbJzNzGdu9QkLN7wVegpoO/SfIjl86+48n/I=","4qt9gIWShqumJCR9aZl6azGoFkTHspjYWNi1ZggvL6c=","sdFABnAUTEBC/PT6GljrajSQj63z0vM87NVuV5y05ro=","rkn49+JB9KJ1azz2cg53vdbxNxz8GyfSTB7+cA/99LQ=","f+hyYixwJJA6G9yhe1siC5BcYLoT/tZARe8X3PMf9Qs=","Nwf9Uil0KiGv6zFomIdjQVd7F+sIsDSoE39l8WIwtoY=","o6Jlhhtq4rQwsDr9t69Fv+8NJZvEVixMt6fbJ6LODLY=","lx5SuPbm8+FMhbBQWHz0+5hCmRqm51Lbo7/Gu1bnJwU=","f27ve75jmU7caRFIoGYt0DMBPwZzJRVTjwF+7xH1owg="],"block_size":4096,"path":"background.js"},{"block_hashes":["SPHrEuFEDWQfckz3eBrTf+FPxcsmz0le/okkuhupaOk=","+H6Eg9kAk97XKjOEnrbitDjFE9Bmd6VVVOLRA2YFfc8="],"block_size":4096,"path":"chrome-inject-local.js"},{"block_hashes":["AQ+qVza2mCmxk9g4Msx4KcJ/LM7wLfn6PqoCqe6f/NI=","fNjxmS6lT+4Yf9ckqMMohN0HN2qgqzXblTfn7TWNeOs=","noBNtAXMpsL47TkdL59cIN//dY2AyVuxrmgFUBabHak="],"block_size":4096,"path":"css/amazium.css"},{"block_hashes":["asAAXBgkqpfvTcpVn8nf87EJy4CqT7YSS6RKEeJv9Pg=","ox79n6KBxhnWlP2p9nU50JOqXg/ZzRg8ZiwJpg0nJIs=","lsqtyGEQsI37Cm1aiNaqN9ybRA8prBt5xCvDwKHu5Fk=","qjEYJWQaD4K77htEG1rytI6ar3mBeNm4Ig89+irOOTc="],"block_size":4096,"path":"css/base_1.css"},{"block_hashes":["ELsDHLwA+MmALGnN6Q/BFfoy00otHc8fiJ0pfOwhHyI=","4VBQgdocO8VXsTD7+lJmP72qWlRQTmgTnq0MAPdP0Lk="],"block_size":4096,"path":"css/inj2.css"},{"block_hashes":["Vi5/jbYDupS5nEbZl/Iq2SNzeS4qUGR6vb3J8ELA7Ng=","H2vGhN8RY6FfqeS3GWwbhs/uvrEux2BvZ3jtrmmuhjU="],"block_size":4096,"path":"css/simplemodal.css"},{"block_hashes":["EcmSRDebHHP5HmDKMCkW6fnOxPNU/hzjz7CajEULxCM="],"block_size":4096,"path":"im/19.png"},{"block_hashes":["ub+UJjaYxrLDwi4Zm2bo1KwV4U49f3Q925c/lFI0Th4="],"block_size":4096,"path":"im/38.png"},{"block_hashes":["Qy3JEByz5pxC/0yRsZ/dWfIWCUwZK795Ed+VcKfCrJ8="],"block_size":4096,"path":"im/38a.png"},{"block_hashes":["YtGa0XYzwcQPv0+96TWRFOy3BBprIfBqkgjSwPGgyFA="],"block_size":4096,"path":"im/38aan.png"},{"block_hashes":["l6gfEXFcCfe5dKEDNVtLEidaCX4IxIVmBTKu6oxAILs="],"block_size":4096,"path":"im/38an.png"},{"block_hashes":["r6XBIAbGfJjECus077keurB1Epa4qgcj1fI7O7Vu2ZM="],"block_size":4096,"path":"im/38l.png"},{"block_hashes":["rN5+//5+K+ua8+yhnKEUD6zeDWKw/W62grcXCwyQGE8="],"block_size":4096,"path":"im/38lan.png"},{"block_hashes":["GfatnjPTbNFSz1YFqArVGpE8m86ao6dMK3fBb4K6xQo="],"block_size":4096,"path":"im/38w.png"},{"block_hashes":["C5SzxPQUtkfynS7h7Wt5wutPAEYeC4eXAl7jcaZY28A=","Ecg1NdjpVGj3MjNnSUzCis1wTh1Ct0xz93tkD21sFUA="],"block_size":4096,"path":"im/482.gif"},{"block_hashes":["JrkBkaIbcdkpY6vgBrN7HKeuAl1UN3T+SdYwx/h05nw="],"block_size":4096,"path":"im/Unknown.png"},{"block_hashes":["umUj80mutqmZgDfPjfNBpAgZUvG/g0+7OvsBH+Ius4Q="],"block_size":4096,"path":"im/backarrow.png"},{"block_hashes":["R4maS5tdmwS9BSEM7ZQqpWYtmUdINnliS0RtrquYPBg="],"block_size":4096,"path":"im/bg.png"},{"block_hashes":["A1TM/K4znzSRitNSBpdjbBo4WCsWzMRKxWPLyojeJHQ="],"block_size":4096,"path":"im/btn-arrow.png"},{"block_hashes":["WQDG5i87rORHTDbzabozbsnlMT74sIvtYFFBx3uOKuE="],"block_size":4096,"path":"im/bullet.png"},{"block_hashes":["topjLRkLc4KAhO/W+5Z2u6fi3wntebf/GdLQj0WzahU="],"block_size":4096,"path":"im/ch.png"},{"block_hashes":["t8wHwgy2TLE6JAih3gZSkHdGg1eAR/2IpNZG29ZUa4s="],"block_size":4096,"path":"im/cl.png"},{"block_hashes":["zOcJoe+BEPNOAJn10jJT3kZnJZFMWdtQMiAFAyPIJn0="],"block_size":4096,"path":"im/cn.png"},{"block_hashes":["tl71LD6G4GxIJBxZhSjEARq2UckABQf5l+GdnbkNROs="],"block_size":4096,"path":"im/conn.png"},{"block_hashes":["/b51k2Xk7DZ8OTQxVwdsL18WLOGDf5pJq/1OjAbjYzM="],"block_size":4096,"path":"im/cz.png"},{"block_hashes":["hE8nYoE58SPmjyZVmpW7/BIrLgNcatnEjBikFA7I15s="],"block_size":4096,"path":"im/de.png"},{"block_hashes":["qmLmpQSB7ZomyDAeZ/Gp72tlBPnoEspToHqXivJ/TFU="],"block_size":4096,"path":"im/del.png"},{"block_hashes":["SGF9RvitqdpBMyvPwsXoD43zRLaMlWFn81C+4iI3DpA="],"block_size":4096,"path":"im/dk.png"},{"block_hashes":["47Lvg7jPUJXzgCXxHLnHENn7qESDO5Oh0Lg7yOYdi00="],"block_size":4096,"path":"im/edit.png"},{"block_hashes":["7chXAnCKdmx82ScdSGNRxMN202nn5FaZKTJaSqi9ko0="],"block_size":4096,"path":"im/ee.png"},{"block_hashes":["hGKV2mLWdzi9VNz9EfIJt3h7KJ/QjBv7uNs1HH25q2Y="],"block_size":4096,"path":"im/eu.png"},{"block_hashes":["FIo7U32Nqm4f4SXDfQfaGs1rZVVKXA5KDfzH+fH/UkQ="],"block_size":4096,"path":"im/fi.png"},{"block_hashes":["jTzFoKzqfIGnIsX6o1UT/9ftIK6CxQ8YVudfzXLNQOY="],"block_size":4096,"path":"im/folder.png"},{"block_hashes":["ZhiG8ugf/xzVUJMOJClHMKAQIXODvSGlL6vkGE76LXs="],"block_size":4096,"path":"im/fr.png"},{"block_hashes":["BWzWARd/5wT41ygbLulHfBA/JgO2t2xGZVFigzbf4Gs="],"block_size":4096,"path":"im/it.png"},{"block_hashes":["tY9CXRmO14OosYhh1CBJlvMBl+WhALVs6x3soNH4bIU="],"block_size":4096,"path":"im/kz.png"},{"block_hashes":["sfIFW+8bXZy1AeC+Ro4/PpDVwK1UZiLaFjNMev5+42A="],"block_size":4096,"path":"im/link.png"},{"block_hashes":["RM7wbvk7uRLtDFlt+ymDGc9QXGAw3T7StUZP0nY3X80="],"block_size":4096,"path":"im/link2.png"},{"block_hashes":["SDxKA5ZpGZOmQexAnES4t+Haqwrn4rKUTEvFlSC7dlU="],"block_size":4096,"path":"im/loader.gif"},{"block_hashes":["NsaIFsL6r5WXU+mnEJcWp27bxX/eGwnG6ks5H5fTp4E="],"block_size":4096,"path":"im/nl.png"},{"block_hashes":["xPvklX7twJ0xNp1Kp+vMnPiWy97MiEMpqeKLCGSsszo="],"block_size":4096,"path":"im/off.png"},{"block_hashes":["jfjWF4Hhrtg9oGA25ie2LO0pCfk6HcW0WcOY6frL770="],"block_size":4096,"path":"im/on.png"},{"block_hashes":["t0ad9eEG+/GrX0pRD6iKWzQAbwaO6Vbb5tEgDuR5jiA="],"block_size":4096,"path":"im/pl.png"},{"block_hashes":["Hcl64q7fxPw9avV87HiL+53A2QOhh3UI5KWza1pzemY="],"block_size":4096,"path":"im/ru.png"},{"block_hashes":["XC+CyG6MxM17f/LUodcS/NixPw8A/tznkGmjuGSF17c="],"block_size":4096,"path":"im/save.png"},{"block_hashes":["QfoZ3UtGsCYjWcdWAh2d81hL5tIt611SRPMl6QygGmU="],"block_size":4096,"path":"im/save3.png"},{"block_hashes":["PSN++McuYwYC6h/9aA85aH/JKcoqXg3+PHqbFkkd5FA="],"block_size":4096,"path":"im/se.png"},{"block_hashes":["JfY+ySKJM8aaedXXjRKLVGtuRlstRMFFTjXBug0/vg8="],"block_size":4096,"path":"im/sp.png"},{"block_hashes":["JAszBPy2G0TRh7ZtsXaM+UV9SBfZpruz2dzDnKOzjAg="],"block_size":4096,"path":"im/ua.png"},{"block_hashes":["KQRxfqFXvrrCCn/A0ZgYlKiL4yOYviP95rTZ1O0UKag="],"block_size":4096,"path":"im/uk.png"},{"block_hashes":["lSW0+2lRmGFLbWiA2q+NvZEx16dpkEPeKkRTOcNckK4="],"block_size":4096,"path":"im/us.png"},{"block_hashes":["34pP+nsNe3/LoVLKR0F7PgP45XtpGg05+xn3UN9xC5M=","nOtbCmakPZka3BKFI3D/9VqXaoeaSluSzHXiyqZ5E24=","1SDDDrYAZMNX2uvMwgTvhW9j5+3HiQZb9Qy4eOJuRJk=","+M8z0veKmP1OqQwFvPjfMn9u7pfnoAo3J6XHOfYK48I=","3dnv60TivRVs/2qAydnEq+ZzYpssElu/bjmD9MptZFk=","/ocqBMx9KfvsuxznblK3LAUE86U0jUjL7IWcvzSHKiM="],"block_size":4096,"path":"js/list.js"},{"block_hashes":["RR6HFScwcwkXakWHTm2Cv2p6c7iXe3L0kCIIcGek+G0=","NeshnHVmcNZVPL/75BfpBo9LtFscEzeMh47WxO80f5U=","VplpQYsGKRflbwQad2RtvZkQpWJOiyLjl0ch1xFVDnU=","Fy1mv/q5pKVHMyX7wavQbWzTiN8stZ7xuM/fjtLzytE="],"block_size":4096,"path":"js/options.js"},{"block_hashes":["0a8VQ7b7sf57pqKg5hu28Ya1xPg6m5RNZVzbpbewP8U=","EYGDiLqZ9QJ2AacPfJsKd1Q/K9Sneemty283cCAHOGM=","MOhmdaqvDBMHCTlLUEk1J63b1cDgJ0jygwZIB+k8a8g="],"block_size":4096,"path":"js/s2.js"},{"block_hashes":["wnbTdgyPTUfDX8Gn7d99KlIP8xcW6mLK1eOlAkcIUVI=","mjxb1sNoXlNCJuXtN+0KuUszD/1Z5g2Mfm0186cguXw=","s+4u7sH5AFuXXHIHaoexRlHLgit/unTD0rR2WSyDp8Y=","flXJmwLteufzg5P9IyuyfhP2u8p+E2mL/gU879Emyuc=","7k+Ncp/+WU2+/vnJVBpMc5sXa33MuHJb19Z9OdtKMLE=","QJ6jOnE/bLhMxBF1mMhsI7hPgoxvTktZf3qFhlUYvhQ=","E3RyviS1C3JkXGre+RlTfkP0446mTd+R+RhLIbStn6c=","wTrdpDqB7XsYcJBeMJaqfhzO6r5wHICKbxYAqJAXqRM=","XI+gO453TTSA2ckrWwpqun9tGAbqfo5H3w2ymDo1cVg=","bn0g1ne8tjCEoPkJEO7PSCU715SqQCG9FYF89PhN7ew=","P5UFV3+MlCzhKww7cC9WFxr7D+Mx4PAtnsoAcT85vNE=","c6+yK86+hHczbFeVGSpjuIJqh0RqdODAO1FahtyZkpM=","PvTVw8koGCOePKMKU89frlRD5al13Pr/QKm8m5Zwjzk=","DuESKnusfx/Bpjh0j1PNnCMfEINl2moHMG1dYVG8a5o=","PVBWQUBMbwYiQiCUJwy50Me6neCEfTX86ymXSPsSSKg=","0Jaz4nuNtcJotO9BPgRsOLn7PvPt81rgnJK2HrEcrU8=","h7fCZ+fY3iQSF/21s11CzDXpyosArE3J3IngV6CE/eE=","aJRpHNsS+QO+Lp8YWnINNzcf3oazcd+ICxtPOnqK2oM=","IgTweYpFgSuHIExLOABd/rN4u2a/mrXoYeHOpPuzxJo=","nzjjT3iHZTWWqdtr087TDETj3ZkJlGFwFfeQp5app6Q=","DyhWMAS9QAmIetPJ5Y5AD4SJY1yzz04GSSeHDYwGicA=","/1tjEEDFCw5RikBPpaDwZiRy9ubbM+oYCUnkIV7s73s=","H4833rKTnU5xQpx2aoeokauAA4qJkfwAHAXdA1ahpMg=","QmIzLWjU+tBPvhU8+5GLOwgXMvDoaUa6YlrVSOX/eE8=","mx08J4AAW3QdHz78rqWr6Aub1GQ6xovn02oqA6Twf7I=","yYDKZP3DfYIHcBrUbikV9KKpc+Br23sDj/Zcmg55tVo=","GlBzixdsUEBQeMNrVuis9j0BgTaf3smqFqcqgkz/3O4=","qaACVDC8xlSQ6fX5hL0Ef+jqnIxvUYuAEm8I+Cm7PT0=","n/U8+sexHwuyQC8eh8QVFoBRE/aqzXw0ytV4OALZ+ao=","GztOuupF2KcGLkZJL8L6L9+X+oQIBu9/JH/5j016kos=","M7NwaIbEY5SmcaUA84aTNltI9wBgSheJUZ9HDmWQalI=","OA8g+KCUMNsUySGbnSxH1u3KBnbJ6W++aOjsqv31sF4="],"block_size":4096,"path":"js/similar_tr.js"},{"block_hashes":["oOQw6+0WMcdqRSkvph+PBW3jHaneYzxNWbz6B8/JV6o=","T/GwV092QtpOGXt8PI+0y2IuP6JCKRMfCKVwD1Kians=","cBdAhNxCAscB/azOZaHVc2Wt8/uQ0mgtMHh2yPrqpzA=","1H1ce9OPR+LfohzJY57uPwP7emt+1Ea9bhKbypohg2s=","n6PF0KfXgUvelBOp5Ae7+32tWCXjWJcxrtKwjvk0kbE=","JNjlVLgqkb+mmPSFnTY44gi/yPnebQjTqyKhuHE6Jvo="],"block_size":4096,"path":"lib/advisormedia.js"},{"block_hashes":["epTLkM33CcDPMYSz7KjZa8vl7ZIqaXEbYIViMlh73Cw=","k9UGyHqhzPtdgxE+ydXd2RVZ8c6VzsCtUTfyTmYdc88=","cJjd7Jx7R7vj/TezYRVg1GAZX9JIOcEGRNUlqOkP97w="],"block_size":4096,"path":"lib/crypt2.js"},{"block_hashes":["VZbytv3432Wyu6mZGJOTFl14DAUgfeBwd8vTRarCucs="],"block_size":4096,"path":"lib/jquery.base64.js"},{"block_hashes":["wDZaSWuONDj9DqoI0+m8FEcPxGKkVAMxsVW2Ce95oKw=","aIHsoBmG3GW+wFIqV/G1tqP0tNR6g7q8BItZE3+XSqo=","TH1IWOy9NoHRWua0VH48epXvQ9CS9zRUWpIoQjoHBbc=","BQMcrqe5kWXWp46wfqmx10guMLkK9zgfEdjT/JQtfKs=","4ERy5VvRF/qsJsNqmvyfFhfmmIaUB23jiFkVB4DZyEw=","pvUdGkpg9hOz7fYRHrdMKEHPi3meef9ENgGDrzAiUBA=","rQR/xw0OuBAXgofBAcudBHRYEzAKjgjazkMzU2GCPJo=","l+9Y4IpUGdyp9m+1WmJ0Ozls499BonQ6A8MrfuDIoQo=","OMUADfnUtp/U7OiKzct2Z1Ap3B7N/r2WoMtjsE0Z3H0=","ao3FUviP0zMJ0GRaRsdMEmqEtCoSxHH3mEJVl8ejCtc=","8M5rPiR80cSQ073gGHBrJ42ieWeWkIb6rUWd2++k66Y=","83lI7qEqgq7QO8zHa8XkBadynvVaVq0htyhq1LuluNA=","wK8Fjyqtn9GisbyOmgYdq1sKBtJw8YuMtQEMHH4KGCA=","77QSqtJkQUqx+P88pkUrnhTlMaUMGK+J60ZA+iN1G4Y=","0UgBppUgxCxYLKMhhhZYyFfI6c0ZTF0GHvGoUVSAiWY=","+BO8/3FIju6LBVa9HAkqEGuE1go9fNkx47d7bi8qELw=","tjyWB+lI1TDXWlJuUMEc658aMzTYeG0ftS5EDOjL6U8=","5T4uyzFaeFEMBsCWhfFKzXGIwcLtKrkaaAduTkMkJnE=","h0dEelu0f1BJSdpzqukmL8Pj9LELlgdTDkIzEd4ZNVc=","HNhCzMH0LvrzHweZ+ajnmE7urrXHTZpcJ8rC6brCWSc=","OKoBXV5uFlxj1V3vOxxdkXvzpZLjIwjCrIMBzRC8w08=","oNYE0o0CZlnSolT8f+Kjcre3BTPFXGlE7H1Q+Vimbbo=","ZphKHbDpym8nM92AHoY+AyEBHLLJPai+gy1sxRCjXfM=","+tcXwAUInERCrtrX7JfQExNOxb6A871mfN6ij+OJxrs=","ehj/n1BubF/oxdrO33pW2DZr+ccC8gIwQNhuwhwuayY=","X48xmRwoo/jBKs1nVO/wnISi3SmN1jG3CWKo250QL5U=","YzUI2MfMW+SQU0mh2TnHUGBDyndZmtHeVD3HB7H82hU=","96NLvBGI32ov2Rez1RScJXlKyV6cF97SNoh1VMeDb6Y=","L7s9jnbxMDczfC1aKE2g2fTkGBgROr8rH2ojL7RPhGE=","tNcxPHimjhZu/DmB7sNvD+NTtdEOUG+pPD2S09fwHYA=","zV4uwFMFNWGGicav1BAtk9ZTUzzE7Q6jC52QxLlYahM=","DlOyoWAPnHXQ1Fz3Dys06+GvjygtVwSehTYblkO9P4Y=","evdMCh6GkuY0pdqU/pXECQPfeKeNRbXyX1vZF1n0Nf4=","PDUijDOMN6dZE+lo6se9XBaOBWfgJ+X1VSLZvE2XTZA=","cB5jcTQCq2CkxB4ARJLZmx09gpssDekIOPBbg4z1pBo=","tYISK1mdGmRTia5xb2PpbNXGVkrJaMYZp2HxGsOnBc4=","vLWVWOxPtPrJdHbO+3BABJ2fPYpW8a1qDk6TZ8fVyio=","/BGkxzERtPyHNt1HdC7BVwgdWP4qXGZpPqkuVF0bsnU=","aTswq8p/MnBq683NQ2HULr74oSzfmmWHEjBwJ0u4Etg=","RYqdWp/DhO+fLProN0tr4xHCTsMIdue/Umi94Ta7X2o=","GrB/6rMovQrNuX069nVDqlAlSJYa+GOj3hY40n7K6XE=","JkGRMMducbIAxpExth0LN7z+m7e+mBOenu6MAFivc9M=","n1vnv7Zxbkf6GzZPHX3b3qKmX3FKgEYvOI434C38CJw=","psYvy69GBW4RdrEKlvaER2M8oiaxPZT5VLrnT/L5QaU=","+bfcv8QnisyqxwRCTjcUhTpu87PiJmL0tcspT10sjLs=","S/MsWTYArJ5cJYoMpyrF2V2bKdJB2n0cYyGxyd+4RuY=","BOt2G9Q8yRg79Vi39j1wpCjILmW4ZbgsGtGG+aEew0E=","K3lNUDkH11JUmw81madL4MrwjIB+Q3sji/q5nKhIiK0=","VdENsvrHLXTSmCxp5goWBtRDiO6kfS16k/Fng4pwPM4=","xEzue/5+ALcpPCPBrAHfmHRKSbBHYi5Y5b/kXUbm5HQ=","e/G2N77qBdJh1pAh9N7UJEz8hREdPZSfThWdXBM9NPQ=","3aPoMVXL6rHYObEEBPX9HEK/N3h2Jgnim6rCJu8FqMo=","oCGGOgzAuB9cculJFe/ys7ghbW8KOJgbgP7mznsJPPY=","DFT55eeqRjizQn1kdoeQ4aniZaXNVYYOQKk93oonjiw=","UIGuGHC08dvQmh8jo83gOIefD6WcV1LFPppw3VpAWBY=","43s1qnkwY7HA7Uhloy6/IQxwHKgR6yMPAXjcfyCzGKU=","jaCmLL4ut95d8rQS5BNVYebj8sKAtqmKy1UxusFPEkw=","OPcMPefoiu5WTVpwAmQ70zsQ0xqFGATHvaMWRkLC8Ew=","rIK6/pdkAyRBPQ5RyeHgAxJv6sgYXFciuyUsk378las=","biQiEku/uUDPZ6lyZrxcBULBZnSXVZq7fvhv8yHxFHQ=","nj7f2owWaSEL77RByivIWjYuAu8of6PYSVD/9NowLeg=","GMD/he6HxFpr+O/kzmIbxJLL2ejnbHNXkQJRxr5AjzA="],"block_size":4096,"path":"lib/jquery.js"},{"block_hashes":["3CJo7mLH/63uiUVVnJe7qmEpwXM4EXFNsdwXrTB+SRs=","CjhMLGx8SBT3hVmg8JRoBbiKnxzD4dwQubRsOjEdAr8="],"block_size":4096,"path":"lib/lib.js"},{"block_hashes":["LIhY7qNhHNbVoE1TkpZrCedvkdfimG26j3kOVjBf9tY="],"block_size":4096,"path":"lib/ls.js"},{"block_hashes":["/bs5kNSo01/BZVLQXd2lPI6XxE4J86uMiV6wgP7Eepo=","FcAiIbW4L5pZBKIV0kZ3Vrg0uwVhh37wmCPnoh30IIk="],"block_size":4096,"path":"lib/md5.js"},{"block_hashes":["Z6JxIOCCb6DXUKrUan+0pli+RzqgzCJway8QF+Yf+B4=","e7olXMsE3QpVa/W5gTrjGKF+W7qM6as/fMb+zpUBH48=","RKmQ8jM0zMuMmmICpg3qPtSKE2XAPFcyNS6n+YG1TDs=","2uhg8ldEJWJiKs+i83sAVM9kjc5Z2/zH4yR6xxSpUNk=","kXqpQM2Aq5aG9l5y6B2eIgUGTey0+EjE2bw4wAk2ew8=","/X53BITYEhhO3eql9FNBR0Hd1Ok5LOTK5n4djB8+jzU=","BYv5whiC8KxDOf5EzPO4a0myi1xa9+DEo18OZI5v6YY=","gudsdRQgPcus69KVucSzYtjF/+tgLPQEL9GJ1BM+iOs=","0A6ckST/5xbXVduerfzYnmQnDfoyT1f+hxjyJezLwBc=","ZErnsQKFXflRt7XeJ/wiJLXraYsX9BKlaxBVSSGm+9M=","XFgVnM/pYJbiIzOukpjgxny8TOqjs75wH4Do2ySaMaw=","QoKNRLtUjaehekZn+MYPYHgv0cuKzK7khvi/C59y9cE=","+IQBIRFiK9HFuZXuhDpU/WKYkjbtiVWcvrPxaGPSpxk=","JuBkCXwjlHhAERPLYtRjV7i0NqWZ33UHjGJVzPYBfjA=","VDqf4dEa1p64K6u1NCbT5FCJRsyLemeuiPLl9IcKaNo=","PQFNo6GNElQu6n+uu/YK/L9sb/GppGy/P86jb5dBckU=","UoqAgoFT1BrVdMNoBO0G4X/C4OH98aMsWrieiEhupsE=","0arIYkr7VyatwSvWOMWhkEXgzr+A8VObFcUlaBSX02o=","efqxAKmvqI05nstXkVyd/qm+X5L57hqFFSV+J9B2XO4=","/7ZKSygPYRfbmDtLBVQg00/m7ELOzLFYkBv5VUhpoRo=","Uvb0PY/gVvH39hgx+vtWvCNdQQx9hBLMj5/GPOyrHJI=","bPvcsRoZkJx4cOBae861A7WCjiO9zqvEvKHAtk3tSfY=","cA1dPRRwU4aHA7TAyMq1vCf4FU5fPi4z3lRSY4IWSrY=","0YPUbuSCGFEho+/mJGAj2TJSA+Ct/nJ973jFtIXOugY=","AVEF+Pf0lEugaouwjq/ZLBV/IdakLuCbJZYXg3HJ7Sw=","uDzrCE5eg7FFC6QuZqvOQ6Om6aMlQ8/28Q4TuuhQfaU=","zoC3qFHvtXSvX3SbYOkjNz6igbQNTBAiu1rH0M8WNbs=","K/fLGlwA3nFvo005O9C735WGaSTBiFQk7n0TjZseDc8=","dqD81aE4YbiftEhqtLSszbGNEaxvdolmJNTK/m9Rdo8=","FuYQHXhdV+3rnc2Wbgho5Hln+VJSkK5Yk3fiDzEEbcE=","OH0kCojaOZ0tMF/7A6zKYptZV7T359b1OQ9QJxSLXFg=","HkF6tdU0y7kjL7Y8HMz69tcnQ/RE4R2GBGQRzW6uqMs=","XKwPFId0NGDzl8gXT6vkAwVHP1N3DVe2a5JUk3aoZPw=","0KOaTF9n7T07ViM/KAdA13am9Wnbbn9/D0ho10tXow0=","HHLIIXUoofustvBPhK5arPm8fUIIHkplVXD6WNWEPNo=","NFrS1LZF7kyuhDghWf9UPaAwmjGbplJmKjB0ZILKi4M=","P5kSz3dLK6Ot9jkeUeA+629G6Tq3+dmHNkX3A6qfT/0="],"block_size":4096,"path":"lib/mootools.js"},{"block_hashes":["CIjYg9FqtdufEgTXtc6cU+se97mfoDTWm7yCXH6B2BA=","lP33WBaTjo/ohubdV0qrH91djtkA27ZJ4Z4vvvWgj7E=","svxbWVVwkSJco0cMqmpYrbCkgeFmiSQc4vMsmWUwyxs=","k4E4o8yFN326sL9d09ybPGk+b8PEb+xxag31duwXTCU=","QwZ7A9z9lMDpVh7KDfwH7DoAbT1Q4HWU3j7OXQYGb5M=","a/0dIgZNB1oEFUbwBuwW62+WJ0mueI0EQOuVeBYG/lg="],"block_size":4096,"path":"lib/simple-modal.js"},{"block_hashes":["eZY6bqRvm1T72P04+iQ0mlGXSxbnKKH1nU/ckS7OdEQ=","04FXEz4dFYSqXQejF1pscrdEuRIG97cRj92nSW11N4s=","HDvbMIzaaa/rBG9IS/yaXn8IkOx7ObKZROd0TVkiM0Y=","c0nSNdY92C0ILJWh+ui+0wENHEiDopa3cQJ97/l1DUI=","Gd55K4RItlHD44oqbLRCBKuiD0I/nquef0eA09tFUHg=","hy2GGROUaFy22WHqn9tkVGuDpwk8CDQrrgxIN7qq2O0=","IedxPvzWO4muVMpEr1grISamAip3paEKDb+rPVeBigA=","ugigKVP99fSOj0lH3Lfz+uCjXGocdgwALBw6Y6sE8Zk=","f1tMpAQFi8n+Y8ZvJ/ynDx7yifXZj10I13AQ6IGj9Hc=","WxvwuVfbKgP53rqSv5InvBMEANPDQqMGxXbjpzg6008=","PGVGCQt4JwCFOiOM/smKiZ+RJKq6LTqjjJMiPHQ6ouk=","eqFPfl+fhS8P5cGx1nwI8ks6pOOz9A/4xM2qUU7LgLk=","2mEED/pDio6ccOw9p8g9sRBS4dXQYeeqhWh7cBqbULM=","r1t6Yw6GtXvr32A8IrxIaLgeNpKZ8eQ/Pygev+yPwiA=","WGq92kDA5f9F4mmgqchOniMX4f48S0A/uXjr54wrobY=","cB8bvOmcMTaB3ffMDOtebyi2NH05fRknpCHe4bo/Xtk=","kgQ5mNyHhwTfPVSU3uwBtCU4NqbMHEOLoDmoIhubVjY=","3lDwrvpdpGcNXGC0v7Vo3y5HC5LbSlcAn1xJ5gFC6Po=","OFk8rD1QFVAdoeHeBIVFYik9G5RO0nLRZM2b3CWotAc=","CUwqp6OE4gN74+CykaV4U65N+M6ps1LgYvHyd/vsJ3w=","T/c2JHTs9RiujvLJxFSrcVotLz0rnLsOvUhvZze9+kM=","sz0Ikh0tYOsXyae+k55cVoRRJhdj67E1movptmgqDdY=","fSSauBaanA22OcCTLVSbtSVfndiP2Ui7FNY//t5F/Lg=","A9GPaocIqnr4UjVurUCOe4G7HuNQ+TX2IYpYpPi7MLg=","xrV2EaaKIo3JzNDO9Oat46QSHjy8JvSmSgRIOn7Sp0o=","wINaNbSyp9MX269AEjKqE8n3wJXlvEuP/ABHXbJjwWw=","pfCdrOKfCzczdxr78VELOr9+4DJi9eBkSr/Np/uN4wI=","KQcLEbwJ/xxynqEvMwuaOn20b9i8QJ1VQFd6bWTUbpU=","59s6z4u6RdRiO10r8Jlj6thitwSFt5vWmujHhfTfjx4=","YFzFyGkvEukqanpuR5SXWw69rim6oIFwQY7iiXerkPA=","sdgx7YLG9/9jIa6FcZkAZuIRkzJyyHDXPfBhx02gKcY=","jhgzdepl/LMZ3d/G+lAuBZyssENehVfQ/WCt9os/e6g=","ib76yUdLupcXOtm/bZrQv4WBKZ90rubELeouDkpC/J8=","cWdS29dZF3lKRVeXjyNOFDMFAS85I0AkIoorKzwbNyQ=","WLBdvms7OAWRxZnKMk4ZMWon42r8HnML9GjU+X1Srbw=","q713fW0oENtY19cZOcChczrTc/r5yWj6gk1yqFj+p20=","nq2/fGZlR9dt0oSu1P8d2L9H0V2P9KxlFebf51Sjt3Y=","lqeXzGMevJMA/AB2Pix1ZvetOrDdxHp/GuQrsdBQ6/c=","jmahusnXluP8n3smpoSf5+vmCOxUZornzrzqyjuF25Q=","GDWwrSdrio5M5UYCfoVdNz1OtVr3Z14J3nDME1RyhEc=","LIONYmvcXgnJ82gW54uvzGB+qDQlH+vvTcJWXKrijYY=","uUHsPoGp8Bt4GKbTke7sPxWXZkIt6oGf8hdkQ4bVHWw=","VyZXw1lxCaSjbVIi+y3iFYx/9q1tB2/h3a4bybT3+v4=","WT5vvKFsE2oJZcHiofuO45aWalOzfcW56EsKYVZVeJ4=","+sQQpbbGdk0eZb5gcae+ZA61kmmuzPGAtUl08i7wKk0=","biKZQsJCoBWuVMpPxGuQv8FOX0GOJGPZZ5wVRbmssaA=","mJyzhVgv/X0qCvBSldH5SD1lD8XdNbMJay4P3jJXaC8=","IwshgUFBbRnonLDo6hpXr8aYDp9icTXZIk64N32eLbM=","dpnhf5Yl6KyrRkLofoHOkA0OYpMfLkrWtnUwJKK+5to=","UHAmq1WvSgD8GuDDo+qSYhFmI9atrwxAk/K9Pmd/b0Y=","erh4dNYjMwCB2Shl+gYoxiCX3TzReXUY9djrqg0QkFM=","HdVinF49ROMs1ciqtr4LvzMC2COXYQFwnKKt82Ia2Xg=","xbPEFi/AMuTgMUXLuk5TzmkSWyfdVpGPfEgyanpNxBk=","nYKzmE5jLsIejeY087NyC9nPfCHuqTI0Q33fD4e7TFU=","xv91A43qwkrSuGKQcRwtBJGWeU9r9pE0VMWTerOwLoE=","i9ZEr1IVDkXvOB8dMDNeDklxXjnYfpZlldLr9tZGeH8=","lJwxgbLYR8z+tSV9Qq8Dkckk9pcvVKZUNNuJEvDaD5c=","impE4+FgMeHADNQjxrIEjkUDPqupdk1lTpJjLoiUV0k=","1yoex25Bgrzb3jhCrV1ML/RGevlYYr1Ac2NR9vRm8yI=","xnJyNk2WhyPSGz9SmVRa3uZHrqfFb5/6HoPfjiceBmk=","/fPx5jbJOyRxqeKf2KUtjwt0ow90U3LEgRAqf0dNoiQ=","EUXloTe2FlwlAsKc6032LRza4EWAKghIdMV9tdTpV78="],"block_size":4096,"path":"lib/sov2.js"},{"block_hashes":["oT4dJrN6Wfn7xJaO/qEFS7Q1TD/Hp0x4PwQEnofN9CE="],"block_size":4096,"path":"list.html"},{"block_hashes":["cffaxLumbyRexUPVbcuJQLsUjwYQWaL/oKRyIJSZ8Yg=","GF5zQZzAuen88HfaX85rtRlKQzOolMKcC7mXkF0y35Y="],"block_size":4096,"path":"options.html"}],"version":2}